City ID,City,Lat,Lng,Max Temp,Humidity,Cloudiness,Wind Speed,Country,Date
0,Bluff,-46.6,168.3333,44.8,73,2,4.59,NZ,2022-07-23 05:01:54
1,Atuona,-9.8,-139.0333,77.59,77,14,16.11,PF,2022-07-23 05:01:48
2,Ushuaia,-54.8,-68.3,26.69,97,94,3.27,AR,2022-07-23 05:00:40
3,Kapaa,22.0752,-159.319,82.38,76,7,1.99,US,2022-07-23 04:56:16
4,Viransehir,37.2353,39.7631,87.67,18,0,3.04,TR,2022-07-23 05:05:07
5,Saint-Joseph,-21.3667,55.6167,70.21,79,25,14.54,RE,2022-07-23 05:05:07
6,Yellowknife,62.456,-114.3525,63.12,63,20,8.05,CA,2022-07-23 04:58:56
7,Garissa,-0.4536,39.6401,73.53,72,17,17.52,KE,2022-07-23 05:05:08
8,Cherskiy,68.75,161.3,57.06,43,23,3.91,RU,2022-07-23 04:58:55
9,Tasiilaq,65.6145,-37.6368,33.96,82,61,8.23,GL,2022-07-23 05:03:14
10,Punta Arenas,-53.15,-70.9167,32.11,75,31,13.27,CL,2022-07-23 05:00:17
11,Necochea,-38.5473,-58.7368,42.4,89,52,9.53,AR,2022-07-23 05:05:09
12,Ambilobe,-13.2,49.05,72.46,55,0,3.96,MG,2022-07-23 05:05:10
13,Yuanping,38.7153,112.7575,84.34,32,0,5.26,CN,2022-07-23 05:05:10
14,Ribeira Grande,38.5167,-28.7,72.84,89,55,6.44,PT,2022-07-23 05:02:50
15,Port Elizabeth,-33.918,25.5701,58.32,81,0,10.36,ZA,2022-07-23 04:56:19
16,Chuy,-33.6971,-53.4616,56.39,98,100,5.32,UY,2022-07-23 05:04:36
17,Aklavik,68.2191,-135.0107,52.7,92,100,8.57,CA,2022-07-23 05:03:50
18,Mataura,-46.1927,168.8643,44.47,86,4,2.71,NZ,2022-07-23 05:02:51
19,Cape Town,-33.9258,18.4232,54.12,90,75,4.0,ZA,2022-07-23 04:56:47
20,Chateauroux,46.8167,1.7,66.2,88,100,5.75,FR,2022-07-23 05:04:34
21,Port Alfred,-33.5906,26.891,59.56,79,100,11.43,ZA,2022-07-23 05:03:15
22,Sao Jose Da Coroa Grande,-8.8978,-35.1478,73.6,86,89,8.63,BR,2022-07-23 05:03:04
23,Matamoros,25.5333,-103.25,85.3,28,29,8.95,MX,2022-07-23 05:00:34
24,Puerto Ayora,-0.7393,-90.3518,69.55,91,26,3.0,EC,2022-07-23 04:58:57
25,Murray Bridge,-35.1167,139.2667,66.13,47,5,9.82,AU,2022-07-23 05:05:15
26,Shaoguan,24.8,113.5833,98.15,44,0,1.74,CN,2022-07-23 05:00:29
27,Grand Bend,43.3168,-81.7498,75.97,65,11,9.86,CA,2022-07-23 05:05:16
28,Saskylakh,71.9167,114.0833,58.33,54,99,6.78,RU,2022-07-23 04:58:58
29,Vardo,70.3705,31.1107,53.58,76,75,8.05,NO,2022-07-23 04:59:05
30,Bengkulu,-3.8004,102.2655,86.07,63,22,8.01,ID,2022-07-23 05:02:04
31,Victor Harbor,-35.5667,138.6167,63.0,65,13,9.15,AU,2022-07-23 05:05:17
32,Butaritari,3.0707,172.7902,81.72,77,52,10.69,KI,2022-07-23 05:01:46
33,Ust-Tsilma,65.441,52.1498,69.01,70,94,10.33,RU,2022-07-23 05:05:17
34,Busselton,-33.65,115.3333,56.07,89,99,17.81,AU,2022-07-23 05:01:43
35,Tiksi,71.6872,128.8694,47.07,78,93,7.29,RU,2022-07-23 05:01:50
36,Rikitea,-23.1203,-134.9692,72.93,69,10,9.51,PF,2022-07-23 05:02:52
37,Cidreira,-30.1811,-50.2056,63.75,97,99,7.47,BR,2022-07-23 05:01:51
38,Bambous Virieux,-20.3428,57.7575,73.22,83,75,16.11,MU,2022-07-23 04:57:24
39,Tahta,26.7693,31.5021,81.99,38,8,12.73,EG,2022-07-23 05:05:20
40,Fort Nelson,58.8053,-122.7002,59.25,69,20,4.92,CA,2022-07-23 05:05:21
41,Taonan,45.3333,122.7833,86.0,47,95,5.75,CN,2022-07-23 05:05:21
42,Souillac,-20.5167,57.5167,71.74,73,19,15.57,MU,2022-07-23 05:01:53
43,The Valley,18.217,-63.0578,79.83,75,12,22.91,AI,2022-07-23 05:05:22
44,Kodiak,57.79,-152.4072,49.84,83,98,5.14,US,2022-07-23 05:04:40
45,Dickinson,29.4608,-95.0513,84.94,82,58,1.01,US,2022-07-23 05:01:53
46,Hermanus,-34.4187,19.2345,52.81,77,76,13.2,ZA,2022-07-23 04:59:49
47,East London,-33.0153,27.9116,59.94,67,0,9.22,ZA,2022-07-23 04:59:09
48,Conakry,9.538,-13.6773,77.16,86,100,10.42,GN,2022-07-23 05:04:24
49,Oranjestad,12.524,-70.027,80.69,84,93,21.79,AW,2022-07-23 05:05:23
50,Bandarbeyla,9.4942,50.8122,81.48,62,9,30.36,SO,2022-07-23 05:05:24
51,Kutum,14.2,24.6667,77.23,51,86,7.49,SD,2022-07-23 05:05:24
52,Gaborone,-24.6545,25.9086,51.71,82,0,5.75,BW,2022-07-23 05:05:25
53,Livingstone,-17.8419,25.8543,53.29,82,1,3.78,ZM,2022-07-23 05:05:25
54,Caravelas,-17.7125,-39.2481,69.08,85,2,4.34,BR,2022-07-23 05:05:26
55,Salalah,17.0151,54.0924,77.09,94,100,6.91,OM,2022-07-23 05:04:30
56,Ponta Do Sol,32.6667,-17.1,71.71,79,27,3.74,PT,2022-07-23 05:05:26
57,Yulara,-25.2406,130.9889,78.24,20,2,9.48,AU,2022-07-23 05:05:27
58,Upernavik,72.7868,-56.1549,43.05,93,100,9.53,GL,2022-07-23 04:59:00
59,Muros,42.7762,-9.0603,63.09,80,0,10.09,ES,2022-07-23 04:59:48
60,Inta,66.0317,60.1659,53.11,64,100,8.72,RU,2022-07-23 05:05:28
61,Qaanaaq,77.484,-69.3632,37.0,99,100,11.45,GL,2022-07-23 05:03:02
62,Houma,29.5958,-90.7195,79.0,91,97,5.3,US,2022-07-23 05:05:29
63,Aketi,2.7388,23.7833,69.35,94,100,2.57,CD,2022-07-23 05:05:29
64,Esperance,-33.8667,121.9,65.48,53,4,20.76,AU,2022-07-23 05:03:22
65,Mindelo,16.8901,-24.9804,74.75,83,20,4.61,CV,2022-07-23 05:05:30
66,Beringovskiy,63.05,179.3167,45.63,85,100,7.92,RU,2022-07-23 05:05:30
67,Isangel,-19.55,169.2667,77.29,80,100,14.29,VU,2022-07-23 05:05:30
68,Iqaluit,63.7506,-68.5145,44.33,93,75,4.61,CA,2022-07-23 04:59:44
69,Acapulco,16.8634,-99.8901,80.06,83,66,1.7,MX,2022-07-23 05:01:49
70,San Cristobal,7.7669,-72.225,64.81,98,77,3.15,VE,2022-07-23 05:01:17
71,Grindavik,63.8424,-22.4338,48.67,100,100,5.75,IS,2022-07-23 05:05:31
72,Saint Johnsbury,44.4192,-72.0151,66.58,91,0,0.0,US,2022-07-23 05:05:32
73,Bahia Honda,22.9036,-83.1592,78.12,87,56,4.54,CU,2022-07-23 05:05:33
74,Jamestown,42.097,-79.2353,72.72,87,1,1.01,US,2022-07-23 04:59:58
75,Avarua,-21.2078,-159.775,75.25,69,20,9.22,CK,2022-07-23 05:05:33
76,Moussoro,13.6408,16.4901,81.88,64,94,9.6,TD,2022-07-23 05:05:34
77,Hobart,-42.8794,147.3294,59.25,64,75,8.05,AU,2022-07-23 04:56:56
78,New Norfolk,-42.7826,147.0587,58.91,72,100,1.99,AU,2022-07-23 04:59:46
79,Himatnagar,23.6,72.95,77.83,93,100,8.01,IN,2022-07-23 05:05:34
80,Kavaratti,10.5669,72.642,81.12,78,100,18.72,IN,2022-07-23 05:05:35
81,Kumba,4.6363,9.4469,69.8,98,100,0.96,CM,2022-07-23 05:05:36
82,Fortuna,40.5982,-124.1573,58.93,84,24,1.99,US,2022-07-23 05:04:31
83,Tiznit,29.5833,-9.5,79.36,35,43,2.1,MA,2022-07-23 05:05:36
84,Kahului,20.8947,-156.47,78.84,85,13,18.01,US,2022-07-23 05:00:48
85,Wolbrom,50.3796,19.7583,72.28,66,10,0.56,PL,2022-07-23 05:05:37
86,Jijiga,9.35,42.8,61.03,77,75,22.37,ET,2022-07-23 05:05:37
87,Lavrentiya,65.5833,-171.0,46.78,72,93,15.46,RU,2022-07-23 05:05:38
88,Talnakh,69.4865,88.3972,78.21,28,13,10.56,RU,2022-07-23 05:05:38
89,Naze,28.3667,129.4833,83.07,61,80,2.06,JP,2022-07-23 05:05:39
90,Saint George,37.1041,-113.5841,99.25,19,0,3.44,US,2022-07-23 05:04:34
91,Mar Del Plata,-38.0023,-57.5575,49.08,84,92,18.99,AR,2022-07-23 05:00:30
92,Sunbury,-37.5833,144.7333,54.91,78,75,17.27,AU,2022-07-23 05:02:47
93,Hegang,47.4,130.3667,68.77,74,98,7.29,CN,2022-07-23 05:05:40
94,Berlevag,70.8578,29.0864,55.4,71,100,5.75,NO,2022-07-23 05:05:40
95,Hithadhoo,-0.6,73.0833,82.24,72,100,5.19,MV,2022-07-23 05:03:20
96,Khatanga,71.9667,102.5,43.5,86,100,11.65,RU,2022-07-23 04:59:54
97,Thompson,55.7435,-97.8558,53.76,94,100,5.75,CA,2022-07-23 05:05:41
98,Tuktoyaktuk,69.4541,-133.0374,66.2,68,75,5.75,CA,2022-07-23 04:59:51
99,Saint-Philippe,-21.3585,55.7679,71.22,85,51,15.57,RE,2022-07-23 05:05:42
100,Cozumel,20.5083,-86.9458,82.4,79,93,9.78,MX,2022-07-23 05:01:34
101,Kidal,18.4411,1.4078,89.91,21,30,7.92,ML,2022-07-23 05:05:43
102,Fairbanks,64.8378,-147.7164,58.01,78,100,1.01,US,2022-07-23 05:03:43
103,Lebu,-37.6167,-73.65,52.99,95,100,13.87,CL,2022-07-23 05:03:55
104,Saint-Francois,46.4154,3.9054,67.44,83,100,5.75,FR,2022-07-23 05:05:44
105,Te Anau,-45.4167,167.7167,40.91,94,59,1.72,NZ,2022-07-23 05:05:44
106,Albany,42.6001,-73.9662,71.58,89,42,3.56,US,2022-07-23 04:56:56
107,Norman Wells,65.282,-126.8329,69.93,57,64,5.08,CA,2022-07-23 05:05:45
108,Ahipara,-35.1667,173.1667,55.81,77,100,11.74,NZ,2022-07-23 05:05:45
109,Itigi,-5.7,34.4833,59.05,71,12,9.89,TZ,2022-07-23 05:05:46
110,Bredasdorp,-34.5322,20.0403,51.71,86,88,7.65,ZA,2022-07-23 04:59:47
111,Cuenca,-2.8833,-78.9833,52.65,93,77,0.49,EC,2022-07-23 05:00:56
112,San Vicente,-26.6167,-54.1333,60.48,78,70,3.27,AR,2022-07-23 05:05:46
113,Port-Gentil,-0.7193,8.7815,72.75,77,92,11.74,GA,2022-07-23 05:05:47
114,Greystones,53.1408,-6.0631,62.82,95,100,11.92,IE,2022-07-23 05:05:47
115,Hammerfest,70.6634,23.6821,50.45,100,100,19.57,NO,2022-07-23 05:05:48
116,Paredon,16.0333,-93.8667,80.28,79,86,2.95,MX,2022-07-23 05:05:48
117,Codrington,-38.2667,141.9667,53.65,93,100,12.93,AU,2022-07-23 04:59:55
118,Kawalu,-7.3817,108.2082,76.57,85,99,3.44,ID,2022-07-23 05:05:49
119,Tura,25.5198,90.2201,83.59,75,100,0.94,IN,2022-07-23 05:05:49
120,Havre-Saint-Pierre,50.2334,-63.5986,55.76,100,100,3.44,CA,2022-07-23 05:05:50
121,Sijunjung,-0.6876,100.9537,86.65,63,88,3.27,ID,2022-07-23 05:05:50
122,Voh,-20.9667,164.7,73.44,94,99,4.03,NC,2022-07-23 05:05:51
123,Cabo San Lucas,22.8909,-109.9124,86.5,72,78,7.61,MX,2022-07-23 05:00:01
124,Guerrero Negro,27.9769,-114.0611,67.12,87,22,15.05,MX,2022-07-23 05:02:05
125,Saldanha,-33.0117,17.9442,55.74,84,61,12.93,ZA,2022-07-23 05:01:41
126,Luganville,-15.5333,167.1667,81.57,79,68,10.04,VU,2022-07-23 05:01:17
127,Fukue,32.6881,128.8419,79.57,69,94,1.07,JP,2022-07-23 05:03:47
128,Qui Nhon,13.7667,109.2333,84.63,73,66,8.84,VN,2022-07-23 05:05:53
129,Saint-Augustin,51.226,-58.6502,54.7,97,100,6.71,CA,2022-07-23 05:05:53
130,Panagar,23.3,79.9833,81.84,83,100,3.44,IN,2022-07-23 05:05:53
131,Nam Som,17.7704,102.1895,76.57,92,100,0.45,TH,2022-07-23 05:05:54
132,Nanortalik,60.1432,-45.2371,45.43,84,36,2.08,GL,2022-07-23 05:01:44
133,Touros,-5.1989,-35.4608,72.63,89,44,13.29,BR,2022-07-23 05:05:56
134,Suez,29.9737,32.5263,76.5,67,13,8.14,EG,2022-07-23 05:05:56
135,Teguldet,57.3064,88.1667,60.03,89,99,9.55,RU,2022-07-23 05:05:57
136,Vila,42.0304,-8.1588,49.69,90,1,5.01,PT,2022-07-23 05:05:57
137,Codroipo,45.96,12.9792,79.66,68,35,4.27,IT,2022-07-23 05:05:58
138,Muisne,0.6,-80.0333,72.03,82,93,6.42,EC,2022-07-23 05:05:58
139,Ishim,56.1128,69.4902,68.27,64,58,7.18,RU,2022-07-23 05:05:59
140,Pevek,69.7008,170.3133,34.11,92,73,5.66,RU,2022-07-23 05:05:59
141,Manmad,20.25,74.45,76.12,79,100,17.96,IN,2022-07-23 05:06:00
142,Bilibino,68.0546,166.4372,55.42,47,9,8.23,RU,2022-07-23 05:03:53
143,Faya,18.3851,42.4509,70.32,43,65,3.96,SA,2022-07-23 05:06:00
144,Sfantu Gheorghe,45.8667,25.7833,74.26,45,1,1.25,RO,2022-07-23 05:06:01
145,Vaini,-21.2,-175.2,71.76,88,75,12.66,TO,2022-07-23 04:59:52
146,Mahebourg,-20.4081,57.7,74.25,72,7,17.13,MU,2022-07-23 05:06:01
147,Raudeberg,61.9875,5.1352,56.07,80,86,13.69,NO,2022-07-23 05:06:02
148,Arraial Do Cabo,-22.9661,-42.0278,70.3,91,5,19.55,BR,2022-07-23 05:06:02
149,Severo-Kurilsk,50.6789,156.125,56.08,87,84,5.08,RU,2022-07-23 05:01:47
150,Carnarvon,-24.8667,113.6333,69.19,51,52,13.22,AU,2022-07-23 04:59:59
151,George,-33.963,22.4617,53.02,81,99,8.46,ZA,2022-07-23 05:06:04
152,Avera,33.194,-82.5271,77.56,70,99,3.85,US,2022-07-23 05:06:04
153,Korce,40.6186,20.7808,72.45,47,0,1.14,AL,2022-07-23 05:06:05
154,Olafsvik,64.8945,-23.7142,52.56,82,26,5.59,IS,2022-07-23 05:06:05
155,Tigil,57.8,158.6667,70.92,36,2,14.83,RU,2022-07-23 05:06:06
156,Cerrito,6.8432,-72.694,51.21,91,68,6.87,CO,2022-07-23 05:06:06
157,Luderitz,-26.6481,15.1594,56.77,62,21,15.12,NA,2022-07-23 05:01:45
158,Hudson Bay,52.85,-102.3842,54.05,91,96,5.37,CA,2022-07-23 05:06:07
159,Cockburn Town,21.4612,-71.1419,81.61,78,95,20.29,TC,2022-07-23 05:03:19
160,Barrow,71.2906,-156.7887,37.42,93,100,13.8,US,2022-07-23 04:59:55
161,Nikolskoye,59.7035,30.7861,74.88,61,26,7.81,RU,2022-07-23 05:06:08
162,Guanica,17.9716,-66.908,80.06,84,75,5.35,PR,2022-07-23 05:06:08
163,Hami,42.8,93.45,99.07,10,0,8.43,CN,2022-07-23 05:06:08
164,Sao Geraldo Do Araguaia,-6.4006,-48.555,76.17,45,56,2.64,BR,2022-07-23 05:06:09
165,Boa Vista,2.8197,-60.6733,78.78,83,75,8.05,BR,2022-07-23 05:06:09
166,Alofi,-19.0595,-169.9187,76.19,77,17,15.77,NU,2022-07-23 05:06:10
167,Smiltene,57.4244,25.9016,67.55,88,69,5.23,LV,2022-07-23 05:06:10
168,Moron De La Frontera,37.1208,-5.454,77.4,56,0,3.44,ES,2022-07-23 05:06:11
169,Chalus,36.655,51.4204,80.06,74,75,0.0,IR,2022-07-23 05:06:11
170,La Crosse,43.8014,-91.2396,77.13,92,6,5.53,US,2022-07-23 05:06:12
171,Pizarro,4.9533,-77.366,74.61,95,100,4.07,CO,2022-07-23 05:06:12
172,Uyovu,-3.2833,31.5258,63.52,54,8,4.07,TZ,2022-07-23 05:06:13
173,Tchollire,8.4022,14.1698,69.17,98,100,2.1,CM,2022-07-23 05:06:13
174,Monster,52.0258,4.175,60.98,82,29,1.01,NL,2022-07-23 05:06:14
175,Castlecomer,52.8061,-7.2106,61.27,94,100,8.55,IE,2022-07-23 05:06:14
176,Tecolutla,20.4833,-97.0167,81.82,81,0,9.95,MX,2022-07-23 05:06:15
177,Nantucket,41.2835,-70.0995,78.91,77,100,4.61,US,2022-07-23 05:06:15
178,San Patricio,28.017,-97.5169,85.89,75,6,13.2,US,2022-07-23 05:06:16
179,Mayor Pablo Lagerenza,-19.9309,-60.7718,68.59,48,0,5.23,PY,2022-07-23 05:06:16
180,Dingle,10.9995,122.6711,88.23,67,95,3.96,PH,2022-07-23 05:01:45
181,Goderich,43.7501,-81.7165,75.52,64,36,12.66,CA,2022-07-23 04:58:53
182,Kachhwa,25.2167,82.7167,89.58,50,100,17.34,IN,2022-07-23 05:06:17
183,Taree,-31.9,152.4667,65.07,67,50,6.33,AU,2022-07-23 05:06:17
184,Tutoia,-2.7619,-42.2744,77.0,88,34,8.7,BR,2022-07-23 05:06:18
185,Cadillac,44.2519,-85.4012,69.71,64,0,5.75,US,2022-07-23 05:06:18
186,College,64.8569,-147.8028,59.58,75,75,10.36,US,2022-07-23 05:06:18
187,Arlit,18.7369,7.3853,87.96,43,75,6.42,NE,2022-07-23 05:04:32
188,Hambantota,6.1241,81.1185,86.34,74,20,18.41,LK,2022-07-23 05:03:12
189,Airai,-8.9266,125.4092,71.15,41,12,3.87,TL,2022-07-23 05:04:41
190,Tual,-5.6667,132.75,78.44,78,97,14.94,ID,2022-07-23 05:06:20
191,Russell,32.3502,-85.1999,73.96,100,40,0.0,US,2022-07-23 05:03:21
192,Altamira,-3.2033,-52.2064,71.35,75,10,0.56,BR,2022-07-23 05:02:20
193,Port Lincoln,-34.7333,135.8667,61.43,65,9,1.59,AU,2022-07-23 05:06:21
194,Viraganur,11.4833,78.7333,85.48,63,100,9.01,IN,2022-07-23 05:06:21
195,Kaeo,-35.1,173.7833,55.33,91,100,14.88,NZ,2022-07-23 05:06:22
196,Tezu,27.9167,96.1667,78.67,85,100,1.97,IN,2022-07-23 05:06:22
197,Gerash,27.6652,54.1371,89.74,36,91,2.91,IR,2022-07-23 05:06:23
198,Tamandare,-8.7597,-35.1047,73.26,87,86,7.78,BR,2022-07-23 05:06:23
199,Trairi,-3.2778,-39.2689,78.67,76,82,11.81,BR,2022-07-23 05:05:15
200,Pangnirtung,66.1451,-65.7125,49.5,70,68,1.63,CA,2022-07-23 05:06:24
201,Klaksvik,62.2266,-6.589,49.12,82,100,7.43,FO,2022-07-23 05:03:53
202,San Andres,12.5847,-81.7006,82.42,83,75,13.8,CO,2022-07-23 05:06:25
203,Lillesand,58.2488,8.3778,61.9,82,75,4.61,NO,2022-07-23 05:06:25
204,Lokosovo,61.1333,74.8167,56.75,59,82,9.82,RU,2022-07-23 05:06:25
205,Naron,43.5167,-8.1528,63.59,91,5,6.46,ES,2022-07-23 05:06:26
206,Asau,46.4333,26.4,73.99,48,30,1.95,RO,2022-07-23 05:06:26
207,Machali,-34.1833,-70.6667,51.84,51,7,2.26,CL,2022-07-23 05:06:27
208,Nizhneangarsk,55.7833,109.55,71.38,55,29,9.62,RU,2022-07-23 05:06:27
209,Ninghai,29.2892,121.4247,97.54,46,68,7.61,CN,2022-07-23 05:06:27
210,Pisco,-13.7,-76.2167,53.65,87,18,2.3,PE,2022-07-23 05:06:28
211,Hovd,48.0056,91.6419,73.72,29,70,11.52,MN,2022-07-23 04:59:46
212,Ancud,-41.8697,-73.8203,45.23,93,99,14.34,CL,2022-07-23 04:59:07
213,Pangoa,-12.1167,-73.0,70.48,87,97,2.57,PE,2022-07-23 05:06:30
214,Mwanza,-2.5167,32.9,65.88,60,14,13.8,TZ,2022-07-23 05:06:30
215,Nove Mesto Na Morave,49.5614,16.0742,71.15,48,92,1.01,CZ,2022-07-23 05:06:31
216,Laguna,38.421,-121.4238,81.32,34,0,6.91,US,2022-07-23 05:01:57
217,Georgetown,5.4112,100.3354,85.95,74,40,5.75,MY,2022-07-23 05:04:35
218,Longyearbyen,78.2186,15.6401,48.04,81,75,4.61,SJ,2022-07-23 05:03:10
219,Hualmay,-11.0964,-77.6139,60.3,88,37,7.2,PE,2022-07-23 05:06:32
220,Litovko,49.2361,135.1742,69.84,72,90,13.29,RU,2022-07-23 05:06:32
221,Sakakah,29.9697,40.2064,91.63,16,4,8.66,SA,2022-07-23 05:06:33
222,Lazaro Cardenas,17.9583,-102.2,79.39,83,100,3.11,MX,2022-07-23 04:58:56
223,Victoria,22.2855,114.1577,95.97,74,1,4.0,HK,2022-07-23 05:01:59
224,Orotukan,62.2667,151.7,69.37,39,11,6.98,RU,2022-07-23 05:06:34
225,Vagur,61.4732,-6.8119,49.73,85,100,11.72,FO,2022-07-23 05:06:34
226,Hofn,64.2539,-15.2082,51.93,86,69,2.39,IS,2022-07-23 05:03:04
227,Gamba,-2.65,10.0,67.21,90,38,4.47,GA,2022-07-23 05:06:35
228,Nuuk,64.1835,-51.7216,43.41,93,47,6.91,GL,2022-07-23 05:03:10
229,Fort-Shevchenko,44.5086,50.263,78.6,56,84,16.22,KZ,2022-07-23 05:06:35
230,Hearst,49.6835,-83.6665,57.29,97,51,8.14,CA,2022-07-23 05:04:02
231,Provideniya,64.3833,-173.3,48.43,71,97,4.61,RU,2022-07-23 04:59:52
232,Soledade,-28.8183,-52.5103,57.09,94,86,2.15,BR,2022-07-23 05:02:26
233,Liliongan,7.3628,124.7928,85.75,71,70,3.38,PH,2022-07-23 05:06:36
234,Umm Lajj,25.0213,37.2685,87.37,57,31,11.83,SA,2022-07-23 05:06:37
235,Birao,10.2849,22.7882,70.07,94,30,5.32,CF,2022-07-23 05:06:37
236,Vila Velha,-20.3297,-40.2925,69.67,85,33,4.99,BR,2022-07-23 05:03:13
237,Canatlan,24.5167,-104.7833,67.01,63,89,4.09,MX,2022-07-23 05:06:38
238,Mgandu,-5.95,34.1333,55.63,75,6,8.88,TZ,2022-07-23 05:06:38
239,Tiarei,-17.5333,-149.3333,78.01,78,26,10.04,PF,2022-07-23 05:06:39
240,Lagoa,39.05,-27.9833,71.49,90,100,7.02,PT,2022-07-23 04:59:01
241,Kruisfontein,-34.0033,24.7314,49.89,73,100,12.01,ZA,2022-07-23 04:59:02
242,Shushtar,32.0455,48.8567,101.07,11,0,5.55,IR,2022-07-23 05:06:40
243,Zhigansk,66.7697,123.3711,65.95,56,42,11.27,RU,2022-07-23 05:06:40
244,Coquimbo,-29.9533,-71.3436,54.64,93,22,2.21,CL,2022-07-23 05:04:06
245,Uarini,-2.99,-65.1083,70.61,100,81,2.13,BR,2022-07-23 05:06:41
246,Chokurdakh,70.6333,147.9167,64.62,36,34,13.11,RU,2022-07-23 05:02:53
247,Pringsewu,-5.3582,104.9744,82.65,80,89,3.2,ID,2022-07-23 05:06:41
248,Hamilton,39.1834,-84.5333,77.09,84,49,2.13,US,2022-07-23 04:57:08
249,Basse,52.5518,9.5069,60.48,94,75,2.3,DE,2022-07-23 05:06:42
250,Ken Caryl,39.5773,-105.1169,79.03,40,36,1.01,US,2022-07-23 05:06:42
251,Faanui,-16.4833,-151.75,78.76,74,9,10.6,PF,2022-07-23 05:06:43
252,Rio Grande,-32.035,-52.0986,58.95,99,100,3.67,BR,2022-07-23 05:06:43
253,Kang,-23.6752,22.7876,54.57,65,17,8.03,BW,2022-07-23 05:03:21
254,Lodeynoye Pole,60.726,33.5531,70.83,60,9,7.11,RU,2022-07-23 05:06:44
255,Ostrovnoy,68.0531,39.5131,55.02,79,89,16.17,RU,2022-07-23 05:06:44
256,Sale,34.0389,-6.8166,74.08,100,75,3.44,MA,2022-07-23 05:05:16
257,Hilo,19.7297,-155.09,76.28,97,62,1.99,US,2022-07-23 04:58:22
258,Sigli,5.3848,95.9609,84.06,69,100,3.31,ID,2022-07-23 05:06:45
259,Portland,45.5234,-122.6762,68.43,73,39,4.0,US,2022-07-23 04:56:36
260,Pemangkat,1.1667,108.9667,85.14,67,75,9.19,ID,2022-07-23 05:06:46
261,Bethel,41.3712,-73.414,75.63,91,0,0.0,US,2022-07-23 05:06:47
262,Yumen,40.2833,97.2,89.74,11,0,16.13,CN,2022-07-23 05:06:47
263,Yamada,39.4667,141.95,72.14,97,95,6.06,JP,2022-07-23 05:06:47
264,Ocampo,21.65,-101.5,57.29,87,17,8.19,MX,2022-07-23 05:06:48
265,Kaitangata,-46.2817,169.8464,42.33,84,3,2.3,NZ,2022-07-23 05:01:43
266,Vanimo,-2.6741,141.3028,84.51,72,20,8.77,PG,2022-07-23 05:06:48
267,Yasothon,15.75,104.1333,86.34,64,100,3.96,TH,2022-07-23 05:06:49
268,Kijang,35.2442,129.2139,75.72,80,97,5.99,KR,2022-07-23 05:06:50
269,Rincon,32.296,-81.2354,78.85,94,0,5.75,US,2022-07-23 05:06:26
270,Ikom,5.9667,8.7063,71.69,99,100,1.79,NG,2022-07-23 05:06:50
271,Tazovskiy,67.4667,78.7,57.34,73,100,9.17,RU,2022-07-23 05:06:51
272,Kirakira,-10.4544,161.9205,82.47,77,21,4.94,SB,2022-07-23 05:06:51
273,Gat,31.61,34.7642,77.68,100,1,1.25,IL,2022-07-23 05:02:56
274,Dali,25.7,100.1833,69.13,83,100,1.95,CN,2022-07-23 05:06:52
275,Abu Dhabi,24.4667,54.3667,105.82,39,0,9.22,AE,2022-07-23 05:06:53
276,Bambanglipuro,-7.95,110.2833,79.97,76,99,12.5,ID,2022-07-23 05:06:53
277,Evreux,49.0241,1.1508,65.5,88,100,6.91,FR,2022-07-23 05:06:54
278,Kongolo,-5.3833,27.0,72.84,45,12,3.71,CD,2022-07-23 05:06:54
279,Leningradskiy,69.3833,178.4167,38.41,79,60,6.17,RU,2022-07-23 05:06:54
280,Eyl,7.9803,49.8164,81.66,53,10,25.79,SO,2022-07-23 05:06:55
281,Crib Point,-38.35,145.2,59.59,87,100,10.63,AU,2022-07-23 05:06:55
282,Pasni,25.2631,63.471,82.92,81,100,10.4,PK,2022-07-23 05:06:56
283,Alta Floresta,-9.8756,-56.0861,71.38,46,66,2.86,BR,2022-07-23 05:07:02
284,Khani,41.9563,42.9566,58.57,72,15,2.95,GE,2022-07-23 05:07:06
285,Panama City,8.9936,-79.5197,78.17,88,40,0.0,PA,2022-07-23 05:07:07
286,Rengali,21.6333,84.05,84.47,69,99,4.34,IN,2022-07-23 05:07:07
287,Lasa,46.6166,10.7002,62.37,80,99,2.1,IT,2022-07-23 05:07:08
288,Tomatlan,19.9333,-105.25,76.32,96,100,5.37,MX,2022-07-23 05:07:08
289,Kayerkan,69.3497,87.7602,77.52,36,20,9.64,RU,2022-07-23 05:07:08
290,Pedasi,7.5333,-80.0333,76.06,85,82,5.61,PA,2022-07-23 05:07:09
291,Samana,19.2056,-69.3369,77.56,87,84,10.22,DO,2022-07-23 05:07:09
292,Krasnyy Kut,50.95,46.9667,71.44,63,99,6.49,RU,2022-07-23 05:07:10
293,Porto Novo,6.4965,2.6036,74.82,85,100,5.66,BJ,2022-07-23 05:07:10
294,Sainte-Agathe-Des-Monts,46.0501,-74.2825,65.19,85,47,4.16,CA,2022-07-23 05:07:11
295,Fairmont,39.4851,-80.1426,74.57,92,48,1.72,US,2022-07-23 05:04:59
296,Nome,64.5011,-165.4064,46.47,87,100,6.91,US,2022-07-23 04:57:33
297,Maine-Soroa,13.2114,12.0241,79.48,68,97,11.72,NE,2022-07-23 05:07:12
298,Etawah,26.7769,79.0239,91.56,56,100,13.76,IN,2022-07-23 05:07:12
299,Araouane,18.9048,-3.5265,90.43,36,57,10.07,ML,2022-07-23 05:07:13
300,Mbala,-8.8402,31.3659,54.43,75,2,7.63,ZM,2022-07-23 05:07:13
301,Tucumcari,35.1717,-103.725,80.44,54,40,12.66,US,2022-07-23 05:07:13
302,Mana,5.6592,-53.7767,75.76,91,78,6.42,GF,2022-07-23 05:07:14
303,Clyde River,70.4692,-68.5914,48.45,72,60,2.98,CA,2022-07-23 05:03:17
304,Nioro,13.35,-15.75,75.15,91,100,8.59,GM,2022-07-23 05:07:14
305,Katsuura,35.1333,140.3,82.72,71,0,19.28,JP,2022-07-23 05:07:15
306,Karlstad,59.3793,13.5036,54.16,88,100,5.75,SE,2022-07-23 05:07:15
307,Chimbote,-9.0853,-78.5783,61.29,88,46,4.38,PE,2022-07-23 05:07:16
308,Sola,-13.8833,167.55,80.35,77,13,12.1,VU,2022-07-23 05:01:18
309,Cafarnaum,-11.6936,-41.4683,59.9,94,62,7.85,BR,2022-07-23 05:07:17
310,Krasnoborsk,61.5598,45.934,73.9,59,30,7.83,RU,2022-07-23 05:07:17
311,Paamiut,61.994,-49.6678,44.4,84,0,11.88,GL,2022-07-23 05:07:18
312,Praya,14.9215,-23.5087,77.54,78,75,1.14,CV,2022-07-23 05:07:18
313,Utete,-7.986,38.758,72.12,74,24,0.94,TZ,2022-07-23 05:07:19
314,Hobyo,5.3505,48.5268,78.71,67,19,23.78,SO,2022-07-23 05:07:19
315,Shenjiamen,29.9576,122.298,85.28,75,75,3.51,CN,2022-07-23 05:07:20
316,Keningau,5.3378,116.1602,91.15,52,22,0.43,MY,2022-07-23 05:07:20
317,Amazar,53.858,120.875,82.27,39,19,9.91,RU,2022-07-23 05:07:20
318,Sitka,57.0531,-135.33,55.29,82,100,8.05,US,2022-07-23 05:07:21
319,California City,35.1258,-117.9859,88.93,13,0,29.93,US,2022-07-23 05:07:21
320,Castro,-24.7911,-50.0119,55.83,68,32,2.39,BR,2022-07-23 05:01:48
321,Kawhia,-38.0651,174.8183,51.51,72,83,3.87,NZ,2022-07-23 05:07:22
322,Caluquembe,-13.7833,14.6833,51.49,41,5,2.68,AO,2022-07-23 05:07:22
323,Kudahuvadhoo,2.6708,72.8944,83.14,72,96,15.88,MV,2022-07-23 05:05:38
324,Dikson,73.5069,80.5464,52.39,74,97,10.33,RU,2022-07-23 04:56:16
325,San Carlos De Bariloche,-41.1456,-71.3082,40.44,58,100,7.29,AR,2022-07-23 05:07:23
326,Coihaique,-45.5752,-72.0662,23.29,96,99,3.13,CL,2022-07-23 05:04:09
327,Sibu,2.3,111.8167,94.44,48,60,1.5,MY,2022-07-23 05:07:24
328,Farah,32.5,62.5,95.81,9,0,2.55,AF,2022-07-23 05:07:24
329,Richards Bay,-28.783,32.0377,63.05,87,0,10.67,ZA,2022-07-23 05:07:25
330,Port Augusta,-32.5,137.7667,69.03,36,0,11.7,AU,2022-07-23 05:02:46
331,Storforshei,66.4043,14.5233,51.66,81,100,6.91,NO,2022-07-23 05:07:26
332,Juneau,58.3019,-134.4197,53.22,99,100,3.8,US,2022-07-23 05:03:24
333,Lampazos De Naranjo,27.0167,-100.5167,82.54,61,0,17.6,MX,2022-07-23 05:07:26
334,Itiuba,-10.6917,-39.8536,61.2,97,83,4.09,BR,2022-07-23 05:07:27
335,Henties Bay,-22.116,14.2845,56.52,88,2,11.16,NA,2022-07-23 05:07:27
336,Cabedelo,-6.9811,-34.8339,70.47,85,77,11.45,BR,2022-07-23 05:07:28
337,San Rafael,-34.6177,-68.3301,50.85,38,15,2.82,AR,2022-07-23 05:07:28
338,Hailar,49.2,119.7,80.29,48,100,8.08,CN,2022-07-23 05:07:28
339,Killybegs,54.6333,-8.45,58.6,96,100,8.32,IE,2022-07-23 05:07:29
340,Okhotsk,59.3833,143.3,66.33,76,50,7.94,RU,2022-07-23 05:07:29
341,Ziro,27.6333,93.8333,71.19,65,100,1.61,IN,2022-07-23 05:07:30
342,North Platte,41.1239,-100.7654,75.09,83,0,10.36,US,2022-07-23 05:07:30
343,Arman,59.7,150.1667,77.02,71,67,5.88,RU,2022-07-23 05:07:31
344,Pavlodar,52.3,76.95,76.8,41,0,6.71,KZ,2022-07-23 05:07:31
345,Manuk Mangkaw,4.8,119.85,83.89,71,100,7.29,PH,2022-07-23 05:07:32
346,Ashcroft,50.7165,-121.2859,68.5,65,80,1.52,CA,2022-07-23 05:07:32
347,Rabo De Peixe,37.8,-25.5833,69.28,77,20,2.3,PT,2022-07-23 05:07:33
348,Mopipi,-21.1833,24.8833,55.4,66,30,7.87,BW,2022-07-23 05:07:33
349,Miyako,39.6367,141.9525,71.4,97,98,7.85,JP,2022-07-23 05:07:34
350,Galegos,41.5627,-8.572,68.41,61,1,3.24,PT,2022-07-23 05:07:34
351,Kissidougou,9.1848,-10.0999,68.23,99,100,4.14,GN,2022-07-23 05:07:34
352,Ilam,26.9167,87.9167,75.85,79,100,2.95,NP,2022-07-23 05:07:35
353,Dalvik,65.9702,-18.5286,49.46,90,11,1.16,IS,2022-07-23 05:07:35
354,Kichera,55.9375,110.0997,84.16,44,12,13.22,RU,2022-07-23 05:07:36
355,Suoyarvi,62.0833,32.35,70.27,67,21,6.46,RU,2022-07-23 05:07:36
356,Inuvik,68.3499,-133.7218,59.76,94,100,5.75,CA,2022-07-23 05:07:36
357,Coracora,-15.0333,-73.7833,45.81,46,10,3.98,PE,2022-07-23 05:07:37
358,Tromso,69.6496,18.957,51.39,87,75,16.11,NO,2022-07-23 05:07:37
359,Sao Joao Da Barra,-21.6403,-41.0511,70.66,89,0,12.03,BR,2022-07-23 04:59:02
360,Maracas,-13.4411,-40.4308,58.46,90,84,6.04,BR,2022-07-23 05:07:38
361,Villarrica,-25.75,-56.4333,71.69,53,100,4.97,PY,2022-07-23 05:07:39
362,Jacareacanga,-6.2222,-57.7528,73.81,60,68,0.92,BR,2022-07-23 05:07:39
363,Malacky,48.436,17.0219,76.12,65,100,1.57,SK,2022-07-23 05:07:40
364,Moba,33.2288,105.0179,72.5,67,31,6.71,CN,2022-07-23 05:07:40
365,Coahuayana,18.7333,-103.6833,79.48,89,99,1.41,MX,2022-07-23 05:07:40
366,Kabare,-2.4683,28.8242,63.09,69,93,2.21,CD,2022-07-23 05:07:41
367,Berdigestyakh,62.0989,126.6992,77.63,53,69,2.24,RU,2022-07-23 05:07:41
368,Ekibastuz,51.6667,75.3667,73.56,45,2,8.81,KZ,2022-07-23 05:07:42
369,Wajima,37.4,136.9,76.35,79,32,10.87,JP,2022-07-23 05:07:42
370,Walvis Bay,-22.9575,14.5053,55.09,88,2,8.16,NA,2022-07-23 05:07:42
371,Margate,51.3813,1.3862,60.69,91,80,6.15,GB,2022-07-23 05:07:43
372,Agadir,30.4202,-9.5982,72.05,58,64,5.44,MA,2022-07-23 05:07:43
373,Tarko-Sale,64.9225,77.785,48.24,92,100,14.2,RU,2022-07-23 05:07:44
374,Kavieng,-2.5744,150.7967,84.74,69,18,9.62,PG,2022-07-23 04:59:03
375,Yar-Sale,66.8333,70.8333,48.83,88,100,12.91,RU,2022-07-23 05:07:44
376,Makaha,21.4694,-158.2175,82.31,61,20,11.5,US,2022-07-23 05:07:45
377,Nenjiang,49.1833,125.2167,84.31,39,18,11.52,CN,2022-07-23 05:07:45
378,Boguchany,58.3814,97.4531,71.46,61,100,0.81,RU,2022-07-23 05:07:46
379,Mutum,-19.8,-41.4383,62.2,90,33,1.97,BR,2022-07-23 05:07:46
380,Korla,41.7597,86.1469,97.65,12,0,12.59,CN,2022-07-23 05:07:46
381,Kapit,2.0167,112.9333,93.78,49,63,0.56,MY,2022-07-23 05:07:47
382,Ballina,-28.8667,153.5667,64.02,83,86,18.95,AU,2022-07-23 05:07:47
383,Trelew,-43.249,-65.3051,33.62,99,100,11.81,AR,2022-07-23 05:07:09
384,Tabuelan,10.8209,123.8689,85.33,70,99,0.58,PH,2022-07-23 05:07:48
385,Terrace Bay,48.7834,-87.1,51.55,91,60,2.24,CA,2022-07-23 05:07:49
386,Kirishi,59.4471,32.0205,68.63,64,12,7.31,RU,2022-07-23 05:07:49
387,Vostok,46.4856,135.8833,70.7,61,99,1.92,RU,2022-07-23 05:07:49
388,Villamontes,-21.25,-63.5,65.77,69,53,3.56,BO,2022-07-23 05:07:50
389,Arkhangelsk,64.5401,40.5433,69.91,88,20,2.24,RU,2022-07-23 04:58:57
390,Lang Suan,9.9456,99.0785,80.87,78,100,2.95,TH,2022-07-23 05:07:50
391,Kiknur,57.3034,47.2011,69.76,69,58,4.52,RU,2022-07-23 05:07:51
392,Darhan,49.4867,105.9228,69.35,51,34,3.44,MN,2022-07-23 05:07:51
393,Constitucion,-35.3333,-72.4167,52.09,93,100,5.08,CL,2022-07-23 05:00:18
394,Bathsheba,13.2167,-59.5167,79.41,91,75,12.66,BB,2022-07-23 05:04:37
395,Biltine,14.5333,20.9167,78.13,66,63,3.58,TD,2022-07-23 05:07:52
396,Ales,44.1333,4.0833,74.48,82,96,5.08,FR,2022-07-23 05:07:53
397,Redlands,34.0556,-117.1825,87.93,54,0,4.61,US,2022-07-23 05:07:53
398,Mount Gambier,-37.8333,140.7667,55.62,88,92,8.03,AU,2022-07-23 05:04:01
399,Otavi,-19.65,17.3333,54.3,57,9,4.81,NA,2022-07-23 05:07:54
400,Fengxian,34.7039,116.5872,74.64,85,100,11.65,CN,2022-07-23 05:07:54
401,Pangody,65.85,74.4859,57.36,52,95,8.75,RU,2022-07-23 05:07:55
402,Wanning,18.8003,110.3967,88.0,65,1,5.64,CN,2022-07-23 05:03:58
403,Tilichiki,60.4667,166.1,52.57,80,86,2.98,RU,2022-07-23 05:05:32
404,Mbandaka,0.0487,18.2603,68.56,98,100,3.62,CD,2022-07-23 05:07:55
405,Srednekolymsk,67.45,153.6833,63.54,37,1,13.0,RU,2022-07-23 05:07:56
406,Dauriya,49.9333,116.8667,73.04,60,100,11.88,RU,2022-07-23 05:07:56
407,Golden,39.7555,-105.2211,79.36,37,0,6.91,US,2022-07-23 05:07:57
408,Chachapoyas,-6.2317,-77.869,50.04,94,7,2.48,PE,2022-07-23 05:07:57
409,Kudat,6.8837,116.8477,83.95,74,26,4.81,MY,2022-07-23 05:07:58
410,Lorengau,-2.0226,147.2712,85.53,68,24,9.64,PG,2022-07-23 05:04:33
411,Tabou,4.423,-7.3528,73.72,74,100,5.95,CI,2022-07-23 05:07:58
412,Sept-Iles,50.2001,-66.3821,57.06,97,75,2.3,CA,2022-07-23 05:04:36
413,Tocopilla,-22.092,-70.1979,59.4,80,96,2.75,CL,2022-07-23 05:03:11
414,Krasnyy Chikoy,50.3643,108.7512,62.04,87,43,9.55,RU,2022-07-23 05:08:00
415,Salinas,36.6777,-121.6555,65.01,76,0,12.66,US,2022-07-23 05:03:38
416,Kumher,27.3167,77.3667,90.95,57,100,12.59,IN,2022-07-23 05:08:00
417,Manjakandriana,-18.9167,47.8,49.69,89,74,5.57,MG,2022-07-23 05:08:01
418,Kefamenanu,-9.4467,124.4781,81.55,37,48,9.35,ID,2022-07-23 05:08:01
419,Taksimo,56.3444,114.8794,84.54,44,36,11.21,RU,2022-07-23 05:04:54
420,Tommot,58.9564,126.2925,88.59,41,80,5.48,RU,2022-07-23 05:08:02
421,Tarata,-17.6167,-66.0167,53.67,64,7,3.83,BO,2022-07-23 05:08:02
422,Geraldton,-28.7667,114.6,64.81,88,75,11.5,AU,2022-07-23 05:08:03
423,Dalbandin,28.8947,64.4101,91.92,42,94,5.48,PK,2022-07-23 05:08:03
424,Flin Flon,54.7682,-101.865,50.5,85,96,5.32,CA,2022-07-23 04:59:01
425,Moron,-34.6534,-58.6198,54.97,96,13,6.22,AR,2022-07-23 05:08:04
426,Xudat,41.631,48.681,77.67,56,69,14.07,AZ,2022-07-23 05:08:04
427,Opunake,-39.4556,173.8583,51.12,70,99,1.86,NZ,2022-07-23 05:08:05
428,Shimoda,34.6667,138.95,88.11,67,0,16.4,JP,2022-07-23 05:08:05
429,Alice Springs,-23.7,133.8833,80.15,12,0,6.91,AU,2022-07-23 05:08:06
430,Deputatskiy,69.3,139.9,63.32,44,93,16.2,RU,2022-07-23 04:59:56
431,Staryy Nadym,65.6118,72.6842,54.32,70,99,9.55,RU,2022-07-23 05:08:07
432,Karla,59.3723,24.9275,66.16,95,20,6.91,EE,2022-07-23 05:08:07
433,Padang,-0.9492,100.3543,86.05,65,64,5.77,ID,2022-07-23 05:08:07
434,Ust-Nera,64.5667,143.2,66.34,82,100,1.97,RU,2022-07-23 05:08:08
435,Banjar,-8.19,114.9675,81.93,70,48,4.09,ID,2022-07-23 05:08:08
436,Rundu,-17.9333,19.7667,51.08,66,2,4.32,NA,2022-07-23 05:08:09
437,Mareeba,-17.0,145.4333,80.44,46,5,4.0,AU,2022-07-23 05:08:09
438,Sobolevo,54.4299,31.8996,65.91,74,0,1.12,RU,2022-07-23 05:08:09
439,Tuatapere,-46.1333,167.6833,44.08,82,37,3.6,NZ,2022-07-23 05:02:59
440,Waingapu,-9.6567,120.2641,83.77,50,19,15.9,ID,2022-07-23 04:59:53
441,Debre Tabor,11.85,38.0167,54.45,91,83,3.02,ET,2022-07-23 05:08:10
442,Liverpool,53.4106,-2.9779,57.38,93,0,6.91,GB,2022-07-23 05:04:17
443,Oussouye,12.485,-16.5469,75.61,93,100,8.7,SN,2022-07-23 05:01:54
444,Aberdeen,57.1437,-2.0981,56.5,92,100,4.61,GB,2022-07-23 05:07:36
445,Itarema,-2.9248,-39.9167,78.55,78,17,16.62,BR,2022-07-23 05:08:11
446,Taltal,-25.4,-70.4833,56.53,85,100,0.65,CL,2022-07-23 05:08:12
447,Labrea,-7.2586,-64.7981,74.19,84,28,1.66,BR,2022-07-23 05:08:12
448,Taiyuan,37.8694,112.5603,76.86,57,0,4.47,CN,2022-07-23 05:07:42
449,Satao,40.7418,-7.7329,62.33,59,0,6.38,PT,2022-07-23 05:04:29
450,Makakilo City,21.3469,-158.0858,80.92,59,0,19.57,US,2022-07-23 05:08:13
451,Barranca,-10.75,-77.7667,60.21,86,43,3.85,PE,2022-07-23 05:03:41
452,Nizhniy Kuranakh,58.8353,125.4869,86.54,44,84,5.95,RU,2022-07-23 05:08:14
453,Nizhnevartovsk,60.9344,76.5531,57.22,67,40,8.99,RU,2022-07-23 05:08:14
454,Ussel,45.55,2.3167,60.46,97,100,2.93,FR,2022-07-23 05:08:15
455,Sebinkarahisar,40.2883,38.4236,57.02,52,0,1.52,TR,2022-07-23 05:08:15
456,Takoradi,4.8845,-1.7554,73.51,81,56,4.47,GH,2022-07-23 05:04:01
457,Ixtapa,20.7,-105.2,79.83,83,100,5.75,MX,2022-07-23 05:08:16
458,Boksitogorsk,59.474,33.8485,68.61,60,36,6.55,RU,2022-07-23 05:08:16
459,Buenaventura,3.8801,-77.0312,74.03,97,100,4.16,CO,2022-07-23 05:08:16
460,Durango,24.8333,-104.8333,67.42,63,73,3.96,MX,2022-07-23 05:03:30
461,North Myrtle Beach,33.816,-78.68,82.06,94,0,9.22,US,2022-07-23 05:03:26
462,Saint Anthony,45.0205,-93.218,77.83,73,0,3.44,US,2022-07-23 05:03:18
463,Ankara,39.9199,32.8543,65.32,51,0,1.99,TR,2022-07-23 05:05:04
464,Marawi,7.9986,124.2928,77.9,84,41,1.45,PH,2022-07-23 05:08:18
465,Huarmey,-10.0681,-78.1522,61.36,89,48,7.05,PE,2022-07-23 05:06:50
466,Great Yarmouth,52.6083,1.7305,61.02,81,62,5.55,GB,2022-07-23 05:08:18
467,Kroya,-7.6331,109.2461,80.19,78,100,11.21,ID,2022-07-23 05:08:19
468,Namie,37.4833,141.0,89.71,77,64,2.98,JP,2022-07-23 05:08:19
469,Solnechnyy,50.7214,136.6319,66.09,69,99,6.76,RU,2022-07-23 05:08:20
470,Bulancak,40.9372,38.2291,73.22,68,0,3.44,TR,2022-07-23 05:08:20
471,Lermontovka,47.1453,134.3383,71.19,80,95,1.66,RU,2022-07-23 05:08:21
472,Ramgarh,23.6333,85.5167,80.65,71,100,12.3,IN,2022-07-23 05:08:21
473,Saquarema,-22.92,-42.5103,65.97,93,10,9.33,BR,2022-07-23 05:08:21
474,General Macarthur,11.2464,125.5394,88.84,66,97,2.66,PH,2022-07-23 05:08:22
475,Narsaq,60.9167,-46.05,44.82,77,47,1.01,GL,2022-07-23 05:08:22
476,Kemijarvi,66.7131,27.4306,59.5,62,100,3.02,FI,2022-07-23 05:08:23
477,Sao Filipe,14.8961,-24.4956,74.8,82,64,2.04,CV,2022-07-23 05:08:23
478,Antofagasta,-23.65,-70.4,56.48,87,100,1.21,CL,2022-07-23 05:08:23
479,Salatiga,-7.3319,110.4928,81.19,65,89,3.0,ID,2022-07-23 05:08:24
480,Noshiro,40.2039,140.0242,75.69,90,100,4.03,JP,2022-07-23 05:08:24
481,Neiafu,-18.65,-173.9833,77.68,83,40,5.75,TO,2022-07-23 05:08:25
482,Hasaki,35.7333,140.8333,90.0,74,0,16.89,JP,2022-07-23 05:03:13
483,Bocaiuva,-17.1078,-43.815,58.3,83,0,2.57,BR,2022-07-23 05:08:25
484,Fuyu,45.1833,124.8167,83.98,48,66,7.94,CN,2022-07-23 05:08:26
485,Puerto Del Rosario,28.5004,-13.8627,73.15,94,93,9.22,ES,2022-07-23 05:08:27
486,Yeppoon,-23.1333,150.7333,74.98,65,1,5.46,AU,2022-07-23 05:08:27
487,Fergus Falls,46.283,-96.0776,74.16,72,0,6.91,US,2022-07-23 05:08:28
488,Talaya,61.3833,152.75,70.81,27,5,4.14,RU,2022-07-23 05:08:28
489,Port Hedland,-20.3167,118.5667,82.45,44,0,17.27,AU,2022-07-23 05:08:28
490,Asahikawa,43.7678,142.3703,69.22,80,100,4.76,JP,2022-07-23 05:08:29
491,Little Current,45.9793,-81.9248,65.93,83,26,6.35,CA,2022-07-23 05:08:29
492,Hasanabad,36.5465,61.0543,92.91,37,0,29.15,IR,2022-07-23 05:08:30
493,Zemetchino,53.4973,42.6163,66.42,79,30,12.08,RU,2022-07-23 05:08:30
494,Tagusao,9.1924,117.8141,85.66,70,85,3.22,PH,2022-07-23 05:08:31
495,Sibolga,1.7427,98.7792,88.97,57,63,6.04,ID,2022-07-23 05:08:31
496,Suarez,2.954,-76.6964,67.23,98,100,1.74,CO,2022-07-23 05:08:32
497,Harper,4.375,-7.7169,73.69,74,98,5.77,LR,2022-07-23 05:08:32
498,Tupanatinga,-8.7533,-37.3397,63.05,98,100,8.08,BR,2022-07-23 05:08:32
499,Brae,60.3964,-1.353,51.58,79,100,5.32,GB,2022-07-23 05:08:33
500,Alyangula,-13.8483,136.4192,75.43,47,11,7.78,AU,2022-07-23 05:08:33
501,Sao Roque,-23.5292,-47.1353,68.36,58,38,3.27,BR,2022-07-23 05:08:34
502,Fuling,29.7022,107.3919,76.64,81,99,1.43,CN,2022-07-23 05:04:22
503,Salta,-24.7859,-65.4117,53.58,79,100,1.39,AR,2022-07-23 05:08:34
504,Doboj,44.7347,18.0878,74.37,44,0,3.78,BA,2022-07-23 05:08:35
505,Kieta,-6.2167,155.6333,83.37,72,13,6.62,PG,2022-07-23 05:08:35
506,Kisesa,-3.0833,34.15,60.94,64,12,11.88,TZ,2022-07-23 05:08:36
507,Palmas,-10.2128,-48.3603,76.87,57,0,5.75,BR,2022-07-23 05:08:36
508,Ilulissat,69.2167,-51.1,42.84,93,100,6.51,GL,2022-07-23 04:59:00
509,Sioux Falls,43.55,-96.7003,78.66,74,20,6.91,US,2022-07-23 05:08:37
510,Ust-Kuyga,70.0167,135.6,79.3,43,82,5.5,RU,2022-07-23 05:08:37
511,Celestun,20.8667,-90.4,81.64,74,5,11.12,MX,2022-07-23 05:08:38
512,Tateyama,34.9833,139.8667,84.09,73,0,19.26,JP,2022-07-23 05:08:38
513,Temoac,18.7667,-98.7833,59.0,89,79,3.56,MX,2022-07-23 05:08:38
514,San Joaquin,37.9333,-121.3011,80.85,23,0,13.8,US,2022-07-23 05:08:39
515,Capreol,46.706,-80.9225,61.56,94,16,5.84,CA,2022-07-23 05:08:39
516,Butembo,0.15,29.2833,60.64,77,24,1.79,CD,2022-07-23 05:08:40
517,Viedma,-40.8135,-62.9967,44.13,76,100,9.4,AR,2022-07-23 05:08:40
518,Vezirkopru,41.1436,35.4547,66.69,67,0,1.92,TR,2022-07-23 05:08:41
519,Namtsy,62.7161,129.6658,78.06,45,100,5.28,RU,2022-07-23 05:08:41
520,Pouembout,-21.1333,164.9,73.2,94,100,4.7,NC,2022-07-23 05:08:41
521,Matadi,-5.8167,13.45,66.04,94,79,2.91,CD,2022-07-23 05:08:42
522,Anta,25.15,76.3,83.23,74,100,5.17,IN,2022-07-23 05:08:42
523,Shingu,33.7333,135.9833,82.63,72,74,7.09,JP,2022-07-23 05:08:43
524,Zaranj,30.9667,61.8833,103.96,9,9,14.83,AF,2022-07-23 05:08:43
525,Mto Wa Mbu,-3.35,35.85,62.37,81,60,4.18,TZ,2022-07-23 05:08:44
526,Belluno,46.145,12.2214,74.66,73,81,1.01,IT,2022-07-23 05:08:44
527,Quatre Cocos,-20.2078,57.7625,74.08,72,4,16.4,MU,2022-07-23 05:08:45
528,Maloy,61.9353,5.1136,56.93,81,87,11.54,NO,2022-07-23 05:08:45
529,Sudak,44.85,34.9667,71.1,63,0,13.82,UA,2022-07-23 05:08:45
530,Vila Franca Do Campo,37.7167,-25.4333,70.2,87,98,0.63,PT,2022-07-23 05:08:46
531,Stara Vyzhivka,51.4376,24.44,69.15,79,81,5.37,UA,2022-07-23 05:08:46
532,Berezovyy,51.6667,135.7,70.02,59,99,4.68,RU,2022-07-23 05:08:47
533,Les Ponts-De-Ce,47.4231,-0.5248,57.13,93,88,6.31,FR,2022-07-23 05:08:47
534,Lufilufi,-13.8745,-171.5986,81.79,74,7,6.51,WS,2022-07-23 05:08:48
535,Mwinilunga,-11.7358,24.4293,52.16,71,7,4.16,ZM,2022-07-23 05:08:48
536,Dehloran,32.6941,47.2679,101.7,9,0,6.67,IR,2022-07-23 05:07:17
537,Bilma,18.6853,12.9164,88.05,36,48,5.79,NE,2022-07-23 05:08:49
538,Issoudun,47.0,1.8333,65.89,88,100,5.75,FR,2022-07-23 05:08:49
539,Dunedin,-45.8742,170.5036,47.8,74,13,5.99,NZ,2022-07-23 04:55:08
540,Pampas,-12.4,-74.9,45.75,92,42,0.22,PE,2022-07-23 05:08:50
541,Camopi,3.1655,-52.3158,70.92,99,76,1.92,GF,2022-07-23 05:08:50
542,Kasempa,-13.4584,25.8338,54.27,68,24,7.36,ZM,2022-07-23 05:08:51
543,Washington,47.5001,-120.5015,67.06,51,0,7.05,US,2022-07-23 05:04:59
544,Santa Vitoria Do Palmar,-33.5189,-53.3681,56.93,98,100,4.97,BR,2022-07-23 05:08:52
545,Vestmannaeyjar,63.4427,-20.2734,51.39,91,100,1.28,IS,2022-07-23 05:03:57
546,Jian,27.1172,114.9793,98.26,44,0,7.49,CN,2022-07-23 04:59:54
547,Guiren,33.6697,118.1889,76.95,82,100,15.88,CN,2022-07-23 05:05:17
548,Novopskov,49.5464,39.0899,63.32,77,83,8.66,UA,2022-07-23 05:08:53
549,Kayunga,0.7025,32.8886,68.77,61,95,1.05,UG,2022-07-23 05:08:53
550,Mikhaylovka,50.06,43.2379,68.79,78,95,4.68,RU,2022-07-23 05:08:53
551,Tautira,-17.7333,-149.15,76.98,78,33,11.83,PF,2022-07-23 05:08:54
552,Zeya,53.75,127.2667,86.58,36,2,3.44,RU,2022-07-23 05:08:54
553,Amarillo,35.222,-101.8313,81.25,56,0,9.22,US,2022-07-23 05:04:10
554,Palana,59.1167,159.9667,55.72,59,54,7.78,RU,2022-07-23 05:08:55
555,Bow Island,49.8668,-111.3684,65.62,67,74,11.54,CA,2022-07-23 05:08:55
556,Mitu,1.1983,-70.1733,70.74,99,100,1.57,CO,2022-07-23 05:08:56
557,Anchorage,61.2181,-149.9003,59.99,68,66,5.99,US,2022-07-23 04:56:03
558,Mountain Home,43.133,-115.6912,73.53,11,0,5.84,US,2022-07-23 05:08:57
559,Mount Isa,-20.7333,139.5,76.77,20,0,5.75,AU,2022-07-23 05:08:57
560,Saint-Pierre,-21.3393,55.4781,71.29,66,75,11.5,RE,2022-07-23 05:08:58
561,Klyuchi,52.2667,79.1667,71.2,45,94,3.58,RU,2022-07-23 05:08:58
562,Axim,4.8699,-2.2405,75.49,72,72,5.46,GH,2022-07-23 05:08:58
563,Nouadhibou,20.931,-17.0347,69.46,93,52,3.89,MR,2022-07-23 05:08:59
564,Moerai,-22.4333,-151.3333,74.23,75,36,21.03,PF,2022-07-23 05:08:59
565,Roswell,34.0232,-84.3616,74.84,89,0,4.61,US,2022-07-23 05:09:00
566,Itacare,-14.2775,-38.9967,69.12,89,78,5.84,BR,2022-07-23 05:09:00
567,Kalmunai,7.4167,81.8167,88.25,59,54,1.12,LK,2022-07-23 05:09:01
568,Crotone,39.0851,17.1178,80.19,46,0,2.19,IT,2022-07-23 05:03:21
569,Torbay,47.6666,-52.7314,66.97,90,40,12.66,CA,2022-07-23 05:09:01
570,Hirara,24.8,125.2833,85.53,77,76,12.39,JP,2022-07-23 05:01:52
571,Christchurch,-43.5333,172.6333,46.6,71,100,9.22,NZ,2022-07-23 05:04:28
572,Manakara,-22.1333,48.0167,64.0,93,35,4.9,MG,2022-07-23 05:07:00
573,Muroto,33.2833,134.15,79.88,75,42,9.82,JP,2022-07-23 05:09:03
574,Vao,-22.6667,167.4833,73.4,92,100,26.17,NC,2022-07-23 05:08:17
575,Fagersta,60.0042,15.7932,54.05,91,97,6.98,SE,2022-07-23 05:09:03
576,Arrecife,28.963,-13.5477,75.18,83,0,8.05,ES,2022-07-23 05:09:04
577,Amapa,1.0,-52.0,70.11,99,100,1.05,BR,2022-07-23 05:09:04
578,Revadanda,18.5503,72.9278,79.41,83,100,6.02,IN,2022-07-23 05:09:05
579,Srivardhan,18.0333,73.0167,81.88,75,100,7.94,IN,2022-07-23 05:09:05
580,Izvestkovyy,48.9833,131.55,71.42,77,97,4.32,RU,2022-07-23 05:09:06
581,Nueve De Julio,-35.4444,-60.8831,46.36,91,65,7.87,AR,2022-07-23 05:09:06
582,Gambela,8.25,34.5833,70.59,94,97,2.8,ET,2022-07-23 05:09:06
583,Lumberton,34.6182,-79.0086,75.81,100,0,5.75,US,2022-07-23 05:09:07
584,Ust-Koksa,50.2696,85.6108,68.81,49,24,2.82,RU,2022-07-23 05:09:07
585,Daule,-1.865,-79.9792,69.98,77,100,4.21,EC,2022-07-23 05:09:08
586,Sharjah,25.3573,55.4033,100.69,44,0,9.22,AE,2022-07-23 05:06:41
587,Great Bend,38.3645,-98.7648,87.93,43,20,5.75,US,2022-07-23 05:08:57
588,Sambava,-14.2667,50.1667,70.83,80,85,10.31,MG,2022-07-23 05:09:08
589,Wewak,-3.5534,143.6268,84.27,73,97,6.87,PG,2022-07-23 05:09:09
590,Erenhot,43.6475,111.9767,84.88,18,25,6.93,CN,2022-07-23 05:05:21
591,Jeremie,18.65,-74.1167,80.02,83,59,3.83,HT,2022-07-23 05:09:10
592,Jijiang,29.2906,106.2542,72.99,86,100,3.04,CN,2022-07-23 05:09:10
593,Roma,43.2128,-75.4557,69.87,90,20,4.61,US,2022-07-23 05:04:11
594,Zanjan,36.6736,48.4787,73.09,46,20,13.8,IR,2022-07-23 05:09:11
595,Tangjiazhuang,39.7333,118.45,87.21,47,12,6.08,CN,2022-07-23 05:09:11
596,Luanda,-8.8368,13.2343,68.0,94,75,0.0,AO,2022-07-23 05:09:12
597,Wladyslawowo,54.7909,18.4009,63.95,82,19,8.72,PL,2022-07-23 05:09:12
598,Lincoln,40.8,-96.667,80.01,87,0,9.22,US,2022-07-23 05:08:46
599,Buala,-8.145,159.5921,84.18,67,27,5.95,SB,2022-07-23 05:09:13
600,Mahibadhoo,3.7833,72.9667,81.73,77,100,16.31,MV,2022-07-23 05:09:14
601,Santa Rosa,14.3122,121.1114,89.11,76,83,6.98,PH,2022-07-23 05:09:14
602,Praia Da Vitoria,38.7333,-27.0667,69.76,94,100,3.27,PT,2022-07-23 05:09:14
603,Reconquista,-29.15,-59.65,63.73,89,13,8.16,AR,2022-07-23 05:09:15
604,Caucaia,-3.7361,-38.6531,76.95,82,0,6.91,BR,2022-07-23 05:09:15
605,Peleduy,59.6289,112.7406,88.86,41,100,6.29,RU,2022-07-23 05:09:16
606,Orocue,4.7912,-71.3354,71.91,98,80,3.8,CO,2022-07-23 05:09:16
607,San Ramon,37.7799,-121.978,65.89,74,0,10.0,US,2022-07-23 05:02:57
608,Prainha,-1.8,-53.48,73.94,85,30,2.77,BR,2022-07-23 05:09:17
609,Hanmer Springs,-42.5167,172.8167,40.44,90,97,2.26,NZ,2022-07-23 05:09:17
610,Villa Union,23.2,-106.2333,81.01,94,100,0.0,MX,2022-07-23 05:09:18
611,Mehamn,71.0357,27.8492,55.35,71,40,10.36,NO,2022-07-23 05:03:59
612,Otjiwarongo,-20.4637,16.6477,51.93,58,4,8.5,NA,2022-07-23 05:09:18
613,Goundam,16.4145,-3.6708,88.97,44,94,8.41,ML,2022-07-23 05:09:19
614,Grand-Santi,4.25,-54.3833,71.53,100,100,2.26,GF,2022-07-23 05:09:19
615,Ostersund,63.1792,14.6357,50.61,81,100,6.91,SE,2022-07-23 05:09:20
616,Cody,44.5263,-109.0565,77.22,20,0,16.11,US,2022-07-23 05:09:20
617,Vilyuysk,63.7553,121.6247,79.99,47,64,0.56,RU,2022-07-23 05:09:20
618,Sechura,-5.5569,-80.8222,63.12,83,12,6.69,PE,2022-07-23 05:09:21
619,Mae Hong Son,19.3003,97.9685,80.67,92,98,2.19,TH,2022-07-23 05:09:21
620,Kayes,14.0,-11.0,74.82,91,100,7.27,ML,2022-07-23 05:09:22
621,Odweyne,9.4092,45.064,70.7,59,49,24.79,SO,2022-07-23 05:09:22
622,Palauig,15.435,119.9045,86.43,71,18,6.62,PH,2022-07-23 05:09:23
623,Melilla,35.2937,-2.9383,77.38,88,40,2.3,ES,2022-07-23 05:09:23
624,Sarakhs,36.5449,61.1577,93.09,36,0,27.87,IR,2022-07-23 05:09:24
625,Keuruu,62.2667,24.7,64.58,98,100,7.31,FI,2022-07-23 05:09:24
626,Beausejour,50.0622,-96.5167,63.84,80,88,5.64,CA,2022-07-23 05:09:24
627,Coolum Beach,-26.5333,153.1,69.12,70,87,18.28,AU,2022-07-23 05:09:25
628,Yurgamysh,55.3714,64.4656,70.29,66,13,10.33,RU,2022-07-23 05:09:25
629,Montes Altos,-5.8333,-47.0667,73.08,48,68,3.27,BR,2022-07-23 05:09:26
630,Narragansett,41.4501,-71.4495,76.19,76,25,4.61,US,2022-07-23 05:09:26
631,Awbari,26.5921,12.7805,75.87,28,28,8.16,LY,2022-07-23 05:09:27
632,Mackay,-21.15,149.2,66.49,70,0,11.86,AU,2022-07-23 05:09:27
633,Turkistan,43.0,68.0,104.77,12,0,18.28,KZ,2022-07-23 05:09:28
634,Rawson,-43.3002,-65.1023,34.77,98,100,12.08,AR,2022-07-23 05:09:28
635,Delta Del Tigre,-34.7633,-56.3853,51.89,96,9,7.11,UY,2022-07-23 05:09:29
636,Zhezkazgan,47.8043,67.7144,78.78,25,20,6.71,KZ,2022-07-23 05:09:30
637,Zyryanka,65.75,150.85,71.96,28,93,2.95,RU,2022-07-23 05:09:30
638,Healdsburg,38.6105,-122.8692,65.25,65,0,4.61,US,2022-07-23 05:09:30
639,Port Blair,11.6667,92.75,80.8,82,100,9.95,IN,2022-07-23 05:09:31
640,Midsalip,8.0,123.2667,77.58,77,77,2.37,PH,2022-07-23 05:09:31
641,Les Herbiers,46.8667,-1.0167,55.11,92,94,4.88,FR,2022-07-23 05:09:32
642,Seymchan,62.8833,152.4333,72.55,34,35,1.83,RU,2022-07-23 05:09:32
643,Vuktyl,63.8567,57.3094,49.87,70,100,5.61,RU,2022-07-23 05:09:33
644,Husavik,66.0449,-17.3389,47.41,91,18,1.48,IS,2022-07-23 05:09:33
645,Kigonsera,-10.8,35.05,54.95,78,3,3.02,TZ,2022-07-23 05:09:34
646,Yomou,7.5603,-9.2653,66.69,100,89,2.26,GN,2022-07-23 05:09:34
647,Sao Paulo De Olivenca,-3.3783,-68.8725,72.41,99,100,1.07,BR,2022-07-23 05:09:34
648,Felanitx,39.4696,3.1483,75.13,64,41,4.94,ES,2022-07-23 05:09:35
649,Lompoc,34.6391,-120.4579,59.52,85,100,24.0,US,2022-07-23 05:09:35
650,Ilhabela,-23.7781,-45.3581,65.75,71,21,3.62,BR,2022-07-23 05:09:36
651,Port Hardy,50.6996,-127.4199,59.18,77,40,9.22,CA,2022-07-23 04:59:44
652,Chibombo,-14.6569,28.0706,54.16,74,34,6.4,ZM,2022-07-23 05:09:37
653,Council Bluffs,41.2619,-95.8608,84.18,71,0,11.5,US,2022-07-23 05:09:37
654,Saint-Leu,-21.15,55.2833,70.68,65,6,1.41,RE,2022-07-23 05:09:37
655,Xiamen,24.4798,118.0819,91.31,62,0,9.33,CN,2022-07-23 05:09:38
656,Ribe,55.3305,8.7697,58.03,74,100,13.13,DK,2022-07-23 05:09:39
657,Dingzhou,38.5131,114.9956,89.65,38,0,7.07,CN,2022-07-23 05:09:39
658,Riberalta,-10.9833,-66.1,72.01,72,6,2.37,BO,2022-07-23 05:09:39
659,Thinadhoo,0.5333,72.9333,81.77,73,100,7.72,MV,2022-07-23 05:09:40
660,San Juan,-31.5375,-68.5364,54.79,31,0,4.38,AR,2022-07-23 05:09:40
661,Treinta Y Tres,-33.2333,-54.3833,56.14,98,94,5.46,UY,2022-07-23 05:09:41
662,Petropavlovsk-Kamchatskiy,53.0452,158.6483,61.39,63,75,13.42,RU,2022-07-23 05:09:42
663,Kamen-Na-Obi,53.7884,81.3423,72.27,40,36,9.35,RU,2022-07-23 05:06:33
664,Champerico,14.3,-91.9167,79.2,85,100,6.15,GT,2022-07-23 05:09:43
665,Prince Rupert,54.3161,-130.3201,53.67,86,32,2.13,CA,2022-07-23 05:06:59
666,San Jose,37.3394,-121.895,68.04,67,0,8.05,US,2022-07-23 05:07:30
667,Indre Arna,60.4247,5.4764,59.88,91,100,7.0,NO,2022-07-23 05:09:44
668,Tessalit,20.1986,1.0114,90.37,22,53,5.44,ML,2022-07-23 05:09:44
669,Rocha,-34.4833,-54.3333,54.93,94,55,4.21,UY,2022-07-23 05:08:26
670,San Quintin,30.4833,-115.95,66.18,84,21,6.69,MX,2022-07-23 05:08:15
671,Hovin,63.1055,10.225,51.26,86,58,1.07,NO,2022-07-23 05:09:45
672,Chissamba,-12.1667,17.3333,55.45,46,64,3.4,AO,2022-07-23 05:09:46
673,Ulaangom,49.9811,92.0667,72.84,32,43,11.07,MN,2022-07-23 05:09:46
674,Bhadasar,28.2833,74.3167,90.25,56,100,8.79,IN,2022-07-23 05:07:11
675,Shelburne,44.0787,-80.2041,72.59,60,17,13.65,CA,2022-07-23 05:09:47
676,Comodoro Rivadavia,-45.8667,-67.5,37.47,44,96,1.97,AR,2022-07-23 05:02:52
677,Markova,48.6758,24.4138,73.13,54,5,2.35,UA,2022-07-23 05:09:48
678,Santiago,-33.4569,-70.6483,52.86,69,2,3.44,CL,2022-07-23 05:06:01
679,Sinazongwe,-17.2614,27.4618,64.96,66,42,5.79,ZM,2022-07-23 05:09:48
680,Erzin,36.9559,36.2,81.18,49,0,4.05,TR,2022-07-23 05:09:49
681,Bataipora,-22.2953,-53.2711,67.69,44,68,5.21,BR,2022-07-23 05:09:49
682,Morant Bay,17.8815,-76.4093,82.02,82,60,8.32,JM,2022-07-23 05:09:50
683,Ferme-Neuve,46.7001,-75.4493,61.0,83,49,4.63,CA,2022-07-23 05:09:50
684,Bubaque,11.2833,-15.8333,78.08,86,100,14.92,GW,2022-07-23 05:09:50
685,Shache,38.4167,77.2406,97.12,8,0,2.75,CN,2022-07-23 05:09:51
686,Jacmel,18.2342,-72.5347,78.64,86,98,2.37,HT,2022-07-23 05:09:51
687,Camacha,33.0833,-16.3333,65.62,77,75,10.36,PT,2022-07-23 05:09:52
688,Diveyevo,55.0433,43.2418,69.15,70,5,6.85,RU,2022-07-23 05:09:52
689,Birjand,32.8663,59.2211,91.87,12,0,6.91,IR,2022-07-23 05:09:54
690,Langsa,4.4683,97.9683,90.84,52,83,3.69,ID,2022-07-23 05:09:55
691,Svetlyy,54.675,20.1347,64.45,78,56,7.81,RU,2022-07-23 05:09:57
692,Dzhebariki-Khaya,62.2167,135.8,67.46,94,100,4.92,RU,2022-07-23 05:09:59
693,Naryan-Mar,67.6713,53.087,54.28,90,99,10.58,RU,2022-07-23 05:09:59
694,Cap Malheureux,-19.9842,57.6142,74.46,63,2,11.01,MU,2022-07-23 05:10:00
695,Thio,-21.6167,166.2167,71.56,98,100,8.72,NC,2022-07-23 05:10:00
696,Pyapon,16.2833,95.6833,80.22,84,100,5.97,MM,2022-07-23 05:10:01
697,Waddan,29.1614,16.139,74.03,49,0,3.87,LY,2022-07-23 05:10:01
698,Igunga,-4.2833,33.8833,64.09,58,43,9.6,TZ,2022-07-23 05:10:02
699,Huesca,42.1362,-0.4087,72.1,85,0,8.05,ES,2022-07-23 05:09:27
700,Manaus,-3.1019,-60.025,77.49,88,0,3.44,BR,2022-07-23 05:10:02
